Hash,Repeats
DGT,2110
RETENCIÓN,1401
Endomondo,1336
Madrid,1329
endorphins,1130
Barcelona,1064
barcelona,988
madrid,876
TuitUtil,855
spain,761
Sevilla,680
DGTMadrid,595
love,555
Empleo,518
DGTBarcelona,512
OBRAS,421
Repost,411
travel,380
IncDGT,369
portugal,353
meteo,346
Spain,345
FelizViernes,344
Trabajo,329
españa,329
friends,327
meteocat,322
DiaDeLaTierra,319
Seville,306
photo,296
Tiempo,292
Valencia,287
me,283
spring,283
sevilla,283
LetsPlay1Dreamboy2,279
photooftheday,277
Valladolid,272
OBRA,266
beach,259
feriadeabril,258
primavera,253
art,252
picoftheday,249
vscocam,248
sun,247
instagood,239
vsco,238
smile,235
tablondeanuncios,227
igers,226
BLANCO,226
happy,225
empleo,211
DGTSevilla,203
tbt,199
nofilter,196
España,195
fashion,191
architecture,191
Hiring,189
bcn,188
amazing,188
food,187
lisboa,186
music,181
valencia,180
catalunya,180
Lleida,177
lisbon,171
arameteo,169
LaOpiniónCoruña,166
buenosdias,165
cute,165
nature,164
AVERÍA,162
selfie,160
torredelcampo,159
ibiza,159
tiempotorredelcampo,159
LaBordeta,158
olost,158
BaixCamp,158
Yecla,158
Almoster,158
sky,158
DGTBizkaia,155
M40,154
Sales,153
Job,153
job,152
A2,150
instagram,149
malaga,147
VallAgenda,146
foodporn,144
style,144
santboi,143
feria,143
Alicante,141
